CO_MUNICIP,CO_STATUS,DS_NOME,DS_NOMEPAD,NU_LATITUD,NU_LONGIT,NU_ALTITUD
310000,IGNOR,Munic√≠pio ignorado - MG,MUNICIPIO IGNORADO - MG,0,0,0
310010,ATIVO,Abadia dos Dourados,ABADIA DOS DOURADOS,-18.48756,-47.39683,753
310020,ATIVO,Abaet√©,ABAETE,-19.15585,-45.44619,645
310030,ATIVO,Abre Campo,ABRE CAMPO,-20.30145,-42.48099,590
310040,ATIVO,Acaiaca,ACAIACA,-20.36041,-43.14824,493
310050,ATIVO,A√ßucena,ACUCENA,-19.07671,-42.54621,474
310060,ATIVO,√Ågua Boa,AGUA BOA,-17.99105,-42.38964,432
310080,ATIVO,Aguanil,AGUANIL,-20.93743,-45.38947,841
310110,ATIVO,Aimor√©s,AIMORES,-19.49195,-41.07333,64
310120,ATIVO,Aiuruoca,AIURUOCA,-21.9759,-44.60282,979
310130,ATIVO,Alagoa,ALAGOA,-22.17114,-44.6381,1116
310140,ATIVO,Albertina,ALBERTINA,-22.19976,-46.6116,992
310160,ATIVO,Alfenas,ALFENAS,-21.42818,-45.94892,877
310163,ATIVO,Alfredo Vasconcelos,ALFREDO VASCONCELOS,-21.13942,-43.77389,1066
310180,ATIVO,Alpercata,ALPERCATA,-18.98683,-41.98913,193
310190,ATIVO,Alpin√≥polis,ALPINOPOLIS,-20.86185,-46.38948,870
310200,ATIVO,Alterosa,ALTEROSA,-21.25587,-46.14532,847
310205,ATIVO,Alto CaparaÛ,ALTO CAPARAO,-20.44436,-41.87308,959
310210,ATIVO,Alto Rio Doce,ALTO RIO DOCE,-21.02215,-43.41887,814
310220,ATIVO,Alvarenga,ALVARENGA,-19.41447,-41.72644,393
310240,ATIVO,Alvorada de Minas,ALVORADA DE MINAS,-18.73359,-43.36608,672
310250,ATIVO,Amparo do Serra,AMPARO DO SERRA,-20.51007,-42.8072,583
310285,ATIVO,Angel√¢ndia,ANGELANDIA,-17.72779,-42.26645,864
310290,ATIVO,AntÙnio Carlos,ANTONIO CARLOS,-21.31858,-43.75564,1059
310300,ATIVO,AntÙnio Dias,ANTONIO DIAS,-19.65147,-42.86955,445
310310,ATIVO,Ant√¥nio Prado de Minas,ANTONIO PRADO DE MINAS,-21.01823,-42.10934,332
310340,ATIVO,Ara√ßua√≠,ARACUAI,-16.85178,-42.06421,317
310350,ATIVO,Araguari,ARAGUARI,-18.64827,-48.19161,925
310360,ATIVO,Arantina,ARANTINA,-21.9161,-44.24695,1074
310370,ATIVO,Araponga,ARAPONGA,-20.66566,-42.52627,905
310375,ATIVO,Arapor√£,ARAPORA,-18.44191,-49.19009,448
310380,ATIVO,Arapu√°,ARAPUA,-19.03386,-46.1546,1020
310390,ATIVO,Ara√∫jos,ARAUJOS,-19.94679,-45.1667,799
310400,ATIVO,Arax√°,ARAXA,-19.59133,-46.94001,990
310410,ATIVO,Arceburgo,ARCEBURGO,-21.36018,-46.94435,724
310440,ATIVO,Argirita,ARGIRITA,-21.60755,-42.83645,273
310445,ATIVO,Aricanduva,ARICANDUVA,-17.86776,-42.55923,833
310450,ATIVO,Arinos,ARINOS,-15.92177,-46.10775,507
310460,ATIVO,Astolfo Dutra,ASTOLFO DUTRA,-21.3112,-42.85964,310
310470,ATIVO,Atal√©ia,ATALEIA,-18.04592,-41.11056,269
310480,ATIVO,Augusto de Lima,AUGUSTO DE LIMA,-18.11255,-44.27522,539
310490,ATIVO,Baependi,BAEPENDI,-21.95761,-44.89037,889
310500,ATIVO,Baldim,BALDIM,-19.28644,-43.95704,645
310510,ATIVO,BambuÌ,BAMBUI,-20.01189,-45.97904,685
310520,ATIVO,Bandeira,BANDEIRA,-15.88498,-40.55889,260
310530,ATIVO,Bandeira do Sul,BANDEIRA DO SUL,-21.72487,-46.38526,943
310540,ATIVO,Bar√£o de Cocais,BARAO DE COCAIS,-19.93585,-43.48488,750
310550,ATIVO,Bar√£o de Monte Alto,BARAO DE MONTE ALTO,-21.24788,-42.23915,200
310560,ATIVO,Barbacena,BARBACENA,-21.22492,-43.77619,1130
310570,ATIVO,Barra Longa,BARRA LONGA,-20.28364,-43.0372,419
310590,ATIVO,Barroso,BARROSO,-21.17629,-43.97538,925
310600,ATIVO,Bela Vista de Minas,BELA VISTA DE MINAS,-19.82585,-43.09693,645
310610,ATIVO,Belmiro Braga,BELMIRO BRAGA,-21.95013,-43.41572,497
310620,ATIVO,Belo Horizonte,BELO HORIZONTE,-19.93752,-43.92645,938
310630,ATIVO,Belo Oriente,BELO ORIENTE,-19.22465,-42.48728,262
310640,ATIVO,Belo Vale,BELO VALE,-20.40666,-44.02853,819
310650,ATIVO,Berilo,BERILO,-16.9503,-42.46135,414
310660,ATIVO,Bert√≥polis,BERTOPOLIS,-17.06096,-40.57225,247
310665,ATIVO,Berizal,BERIZAL,-15.61078,-41.74679,693
310680,ATIVO,Bias Fortes,BIAS FORTES,-21.60875,-43.75657,774
310690,ATIVO,Bicas,BICAS,-21.72211,-43.06205,627
310700,ATIVO,Biquinhas,BIQUINHAS,-18.78475,-45.50465,627
310710,ATIVO,Boa Esperan√ßa,BOA ESPERANCA,-21.09053,-45.56441,783
310720,ATIVO,Bocaina de Minas,BOCAINA DE MINAS,-22.16961,-44.39731,1187
310730,ATIVO,Bocai√∫va,BOCAIUVA,-17.1121,-43.81444,705
310740,ATIVO,Bom Despacho,BOM DESPACHO,-19.7376,-45.25412,745
310750,ATIVO,Bom Jardim de Minas,BOM JARDIM DE MINAS,-21.9459,-44.18937,1111
310760,ATIVO,Bom Jesus da Penha,BOM JESUS DA PENHA,-21.01727,-46.52354,984
310770,ATIVO,Bom Jesus do Amparo,BOM JESUS DO AMPARO,-19.70414,-43.47351,692
310780,ATIVO,Bom Jesus do Galho,BOM JESUS DO GALHO,-19.82447,-42.31573,539
310790,ATIVO,Bom Repouso,BOM REPOUSO,-22.47684,-46.14788,1379
310800,ATIVO,Bom Sucesso,BOM SUCESSO,-21.03042,-44.7555,935
310810,ATIVO,Bonfim,BONFIM,-20.32549,-44.23291,950
310820,ATIVO,Bonfin√≥polis de Minas,BONFINOPOLIS DE MINAS,-16.57076,-45.98834,653
310825,ATIVO,Bonito de Minas,BONITO DE MINAS,-15.3238,-44.75803,615
310830,ATIVO,Borda da Mata,BORDA DA MATA,-22.27241,-46.16717,888
310850,ATIVO,Botumirim,BOTUMIRIM,-16.86292,-43.01043,944
310855,ATIVO,Brasil√¢ndia de Minas,BRASILANDIA DE MINAS,-16.9986,-46.0154,525
310860,ATIVO,BrasÌlia de Minas,BRASILIA DE MINAS,-16.20587,-44.42753,738
310870,ATIVO,Br√°s Pires,BRAS PIRES,-20.84846,-43.23912,632
310890,ATIVO,Braz√≥polis,BRAZOPOLIS,-22.47311,-45.61533,871
310900,ATIVO,Brumadinho,BRUMADINHO,-20.14417,-44.20019,761
310910,ATIVO,Bueno Brand√£o,BUENO BRANDAO,-22.43617,-46.35339,1190
310925,ATIVO,Bugre,BUGRE,-19.42221,-42.25946,442
310930,ATIVO,Buritis,BURITIS,-15.62651,-46.42404,556
310945,ATIVO,Cabeceira Grande,CABECEIRA GRANDE,-16.02827,-47.08499,956
310970,ATIVO,Cachoeira de Minas,CACHOEIRA DE MINAS,-22.35398,-45.78214,846
310990,ATIVO,Caetan√≥polis,CAETANOPOLIS,-19.29371,-44.41304,719
311000,ATIVO,CaetÈ,CAETE,-19.88714,-43.664790000000004,911
311010,ATIVO,Caiana,CAIANA,-20.69683,-41.92298,741
311020,ATIVO,Cajuri,CAJURI,-20.78894,-42.79392,686
311030,ATIVO,Caldas,CALDAS,-21.92334,-46.38779,1142
311060,ATIVO,CambuÌ,CAMBUI,-22.6111,-46.05802,883
311070,ATIVO,Cambuquira,CAMBUQUIRA,-21.85541,-45.29252,919
311080,ATIVO,Campan·rio,CAMPANARIO,-18.24112,-41.73013,252
311110,ATIVO,Campina Verde,CAMPINA VERDE,-19.53546,-49.48117,532
311120,ATIVO,Campo Belo,CAMPO BELO,-20.89532,-45.27586,841
311130,ATIVO,Campo do Meio,CAMPO DO MEIO,-21.10933,-45.83076,782
311140,ATIVO,Campo Florido,CAMPO FLORIDO,-19.76545,-48.573,624
311150,ATIVO,Campos Altos,CAMPOS ALTOS,-19.6989,-46.17371,1031
311160,ATIVO,Campos Gerais,CAMPOS GERAIS,-21.2387,-45.75691,865
311170,ATIVO,Cana√£,CANAA,-20.68738,-42.61301,750
311180,ATIVO,Can·polis,CANAPOLIS,-18.72166,-49.20405,663
311190,ATIVO,Cana Verde,CANA VERDE,-21.02345,-45.18593,816
311200,ATIVO,Candeias,CANDEIAS,-20.77035,-45.27686,946
311205,ATIVO,Cantagalo,CANTAGALO,-18.53172,-42.62573,686
311210,ATIVO,Capara√≥,CAPARAO,-20.52559,-41.90719,835
311220,ATIVO,Capela Nova,CAPELA NOVA,-20.91667,-43.61242,815
311230,ATIVO,Capelinha,CAPELINHA,-17.69539,-42.51608,956
311240,ATIVO,Capetinga,CAPETINGA,-20.6205,-47.05744,808
311250,ATIVO,Capim Branco,CAPIM BRANCO,-19.54554,-44.13317,839
311260,ATIVO,Capin√≥polis,CAPINOPOLIS,-18.68229,-49.57448,513
311270,ATIVO,Capit√£o En√©as,CAPITAO ENEAS,-16.32092,-43.70541,588
311280,ATIVO,CapitÛlio,CAPITOLIO,-20.61466,-46.05451,747
311290,ATIVO,Caputira,CAPUTIRA,-20.17089,-42.27199,618
311300,ATIVO,CaraÌ,CARAI,-17.1929,-41.69831,813
311310,ATIVO,Carana√≠ba,CARANAIBA,-20.87022,-43.73947,788
311320,ATIVO,Caranda√≠,CARANDAI,-20.95437,-43.80548,1091
311330,ATIVO,Carangola,CARANGOLA,-20.73255,-42.03222,412
311340,ATIVO,Caratinga,CARATINGA,-19.78963,-42.14371,588
311360,ATIVO,Carea√ßu,CAREACU,-22.03808,-45.68768,808
311370,ATIVO,Carlos Chagas,CARLOS CHAGAS,-17.70333,-40.7674,208
311380,ATIVO,CarmÈsia,CARMESIA,-19.08709,-43.14584,573
311390,ATIVO,Carmo da Cachoeira,CARMO DA CACHOEIRA,-21.46106,-45.22462,940
311400,ATIVO,Carmo da Mata,CARMO DA MATA,-20.55921,-44.86838,848
311410,ATIVO,Carmo de Minas,CARMO DE MINAS,-22.11813,-45.13276,931
311420,ATIVO,Carmo do Cajuru,CARMO DO CAJURU,-20.18609,-44.77148,770
311430,ATIVO,Carmo do Parana√≠ba,CARMO DO PARANAIBA,-18.99729,-46.31429,1064
311440,ATIVO,Carmo do Rio Claro,CARMO DO RIO CLARO,-20.973,-46.12196,807
311450,ATIVO,CarmÛpolis de Minas,CARMOPOLIS DE MINAS,-20.53964,-44.63253,879
311455,ATIVO,Carneirinho,CARNEIRINHO,-19.69733,-50.69143,415
311460,ATIVO,Carrancas,CARRANCAS,-21.49163,-44.64361,1096
311470,ATIVO,Carvalh√≥polis,CARVALHOPOLIS,-21.77607,-45.84564,824
311480,ATIVO,Carvalhos,CARVALHOS,-21.99671,-44.46602,1066
311490,ATIVO,Casa Grande,CASA GRANDE,-20.79345,-43.93147,963
311500,ATIVO,Cascalho Rico,CASCALHO RICO,-18.57859,-47.876,713
311510,ATIVO,C·ssia,CASSIA,-20.58286,-46.92404,740
311520,ATIVO,ConceiÁ„o da Barra de Minas,CONCEICAO DA BARRA DE MINAS,-21.13177,-44.47781,920
311535,ATIVO,Catas Altas,CATAS ALTAS,-20.07489,-43.41481,750
311540,ATIVO,Catas Altas da Noruega,CATAS ALTAS DA NORUEGA,-20.68709,-43.50506,780
311545,ATIVO,Catuji,CATUJI,-17.30108,-41.52313,630
311547,ATIVO,Catuti,CATUTI,-15.35738,-42.96352,518
311550,ATIVO,Caxambu,CAXAMBU,-21.97931,-44.9315,923
311560,ATIVO,Cedro do Abaet√©,CEDRO DO ABAETE,-19.14717,-45.71219,935
311590,ATIVO,Ch√°cara,CHACARA,-21.67291,-43.21877,796
311600,ATIVO,ChalÈ,CHALE,-20.04425,-41.69221,373
311610,ATIVO,Chapada do Norte,CHAPADA DO NORTE,-17.0867,-42.54075,498
311615,ATIVO,Chapada Ga˙cha,CHAPADA GAUCHA,-15.29981,-45.62558,874
311630,ATIVO,Cipot√¢nea,CIPOTANEA,-20.90554,-43.36798,676
311640,ATIVO,Claraval,CLARAVAL,-20.39838,-47.28776,722
311650,ATIVO,Claro dos Po√ß√µes,CLARO DOS POCOES,-17.07769,-44.20871,650
311670,ATIVO,Coimbra,COIMBRA,-20.85866,-42.80594,756
311680,ATIVO,Coluna,COLUNA,-18.22041,-42.84365,684
311690,ATIVO,Comendador Gomes,COMENDADOR GOMES,-19.70021,-49.08143,577
311720,ATIVO,Concei√ß√£o das Pedras,CONCEICAO DAS PEDRAS,-22.16118,-45.45368,1067
311740,ATIVO,Concei√ß√£o de Ipanema,CONCEICAO DE IPANEMA,-19.93078,-41.69245,273
311750,ATIVO,Concei√ß√£o do Mato Dentro,CONCEICAO DO MATO DENTRO,-19.04519,-43.42344,787
311760,ATIVO,Concei√ß√£o do Par√°,CONCEICAO DO PARA,-19.74906,-44.89588,665
311770,ATIVO,ConceiÁ„o do Rio Verde,CONCEICAO DO RIO VERDE,-21.87767,-45.08377,857
311780,ATIVO,ConceiÁ„o dos Ouros,CONCEICAO DOS OUROS,-22.41748,-45.79633,857
311783,ATIVO,C√¥nego Marinho,CONEGO MARINHO,-15.29627,-44.41515,649
311787,ATIVO,Confins,CONFINS,-19.62995,-43.9956,768
311790,ATIVO,Congonhal,CONGONHAL,-22.15256,-46.05366,847
311800,ATIVO,Congonhas,CONGONHAS,-20.50464,-43.85689,874
311810,ATIVO,Congonhas do Norte,CONGONHAS DO NORTE,-18.81645,-43.68763,1043
311820,ATIVO,Conquista,CONQUISTA,-19.93693,-47.54328,692
311830,ATIVO,Conselheiro Lafaiete,CONSELHEIRO LAFAIETE,-20.66085,-43.78844,984
311850,ATIVO,ConsolaÁ„o,CONSOLACAO,-22.55047,-45.92225,1025
311860,ATIVO,Contagem,CONTAGEM,-19.94345,-44.06634,975
311880,ATIVO,Cora√ß√£o de Jesus,CORACAO DE JESUS,-16.68932,-44.3585,786
311890,ATIVO,Cordisburgo,CORDISBURGO,-19.12853,-44.32207,722
311900,ATIVO,Cordisl‚ndia,CORDISLANDIA,-21.79121,-45.70053,806
311910,ATIVO,Corinto,CORINTO,-18.36352,-44.45623,639
311920,ATIVO,Coroaci,COROACI,-18.61808,-42.28303,508
311930,ATIVO,Coromandel,COROMANDEL,-18.47385,-47.20155,934
311940,ATIVO,Coronel Fabriciano,CORONEL FABRICIANO,-19.52505,-42.62435,258
311950,ATIVO,Coronel Murta,CORONEL MURTA,-16.61027,-42.1848,331
311960,ATIVO,Coronel Pacheco,CORONEL PACHECO,-21.57642,-43.26886,428
311970,ATIVO,Coronel Xavier Chaves,CORONEL XAVIER CHAVES,-21.0246,-44.22862,906
311980,ATIVO,CÛrrego Danta,CORREGO DANTA,-19.82641,-45.89847,679
311995,ATIVO,C√≥rrego Fundo,CORREGO FUNDO,-20.45553,-45.5534,899
312000,ATIVO,C√≥rrego Novo,CORREGO NOVO,-19.83479,-42.40014,361
312010,ATIVO,Couto de Magalh„es de Minas,COUTO DE MAGALHAES DE MINAS,-18.07206,-43.47535,737
312015,ATIVO,CrisÛlita,CRISOLITA,-17.23753,-40.9149,223
312020,ATIVO,Cristais,CRISTAIS,-20.87523,-45.5185,873
312030,ATIVO,Crist·lia,CRISTALIA,-16.71263,-42.85955,702
312040,ATIVO,Cristiano Otoni,CRISTIANO OTONI,-20.84085,-43.79784,1000
312050,ATIVO,Cristina,CRISTINA,-22.20832,-45.26281,1000
312060,ATIVO,Crucil√¢ndia,CRUCILANDIA,-20.39329,-44.33784,912
312070,ATIVO,Cruzeiro da Fortaleza,CRUZEIRO DA FORTALEZA,-18.93865,-46.67339,842
312080,ATIVO,Cruz√≠lia,CRUZILIA,-21.83895,-44.81102,1051
312083,ATIVO,Cuparaque,CUPARAQUE,-18.96664,-41.10313,213
312087,ATIVO,Curral de Dentro,CURRAL DE DENTRO,-15.93933,-41.85598,899
312090,ATIVO,Curvelo,CURVELO,-18.75548,-44.4284,646
312100,ATIVO,Datas,DATAS,-18.4533,-43.65671,1268
312110,ATIVO,Delfim Moreira,DELFIM MOREIRA,-22.50201,-45.2726,1248
312120,ATIVO,DelfinÛpolis,DELFINOPOLIS,-20.34585,-46.85818,686
312125,ATIVO,Delta,DELTA,-19.97747,-47.77297,518
312130,ATIVO,Descoberto,DESCOBERTO,-21.4602,-42.97207,355
312140,ATIVO,Desterro de Entre Rios,DESTERRO DE ENTRE RIOS,-20.65463,-44.34367,1074
312170,ATIVO,Diogo de Vasconcelos,DIOGO DE VASCONCELOS,-20.48751,-43.19658,611
312180,ATIVO,DionÌsio,DIONISIO,-19.844,-42.78237,331
312190,ATIVO,DivinÈsia,DIVINESIA,-20.99001,-43.01108,775
312200,ATIVO,Divino,DIVINO,-20.61298,-42.14774,685
312210,ATIVO,Divino das Laranjeiras,DIVINO DAS LARANJEIRAS,-18.77313,-41.48325,237
312220,ATIVO,Divinol√¢ndia de Minas,DIVINOLANDIA DE MINAS,-18.80526,-42.62182,749
312230,ATIVO,Divin√≥polis,DIVINOPOLIS,-20.14207,-44.89389,739
312235,ATIVO,Divisa Alegre,DIVISA ALEGRE,-15.72394,-41.34002,980
312240,ATIVO,Divisa Nova,DIVISA NOVA,-21.51726,-46.20294,875
312245,ATIVO,Divis√≥polis,DIVISOPOLIS,-15.72464,-41.00258,929
312247,ATIVO,Dom Bosco,DOM BOSCO,-16.65075,-46.27145,607
312250,ATIVO,Dom Cavati,DOM CAVATI,-19.37916,-42.11032,322
312260,ATIVO,Dom Joaquim,DOM JOAQUIM,-18.96455,-43.26135,602
312270,ATIVO,Dom Silv√©rio,DOM SILVERIO,-20.1622,-42.97087,514
312280,ATIVO,Dom Vi√ßoso,DOM VICOSO,-22.25367,-45.15917,916
312290,ATIVO,Dona Eus√©bia,DONA EUSEBIA,-21.32387,-42.80693,238
312300,ATIVO,Dores de Campos,DORES DE CAMPOS,-21.10409,-44.02305,979
312320,ATIVO,Dores do Indai√°,DORES DO INDAIA,-19.46163,-45.60266,714
312350,ATIVO,Douradoquara,DOURADOQUARA,-18.43383,-47.61197,712
312352,ATIVO,Durand√©,DURANDE,-20.20724,-41.79426,695
312360,ATIVO,ElÛi Mendes,ELOI MENDES,-21.60931,-45.56643,902
312370,ATIVO,Engenheiro Caldas,ENGENHEIRO CALDAS,-19.1981,-42.04984,239
312385,ATIVO,Entre Folhas,ENTRE FOLHAS,-19.62778,-42.23236,464
312390,ATIVO,Entre Rios de Minas,ENTRE RIOS DE MINAS,-20.67136,-44.06708,933
312400,ATIVO,Erv·lia,ERVALIA,-20.83351,-42.65937,767
312410,ATIVO,Esmeraldas,ESMERALDAS,-19.7592,-44.31481,753
312420,ATIVO,Espera Feliz,ESPERA FELIZ,-20.64371,-41.91394,750
312430,ATIVO,Espinosa,ESPINOSA,-14.92527,-42.81298,568
312440,ATIVO,Esp√≠rito Santo do Dourado,ESPIRITO SANTO DO DOURADO,-22.04751,-45.95401,894
312450,ATIVO,Estiva,ESTIVA,-22.46305,-46.01635,876
312460,ATIVO,Estrela Dalva,ESTRELA DALVA,-21.74229,-42.45837,215
312470,ATIVO,Estrela do Indai·,ESTRELA DO INDAIA,-19.52024,-45.79243,708
312480,ATIVO,Estrela do Sul,ESTRELA DO SUL,-18.74129,-47.68897,747
312490,ATIVO,EugenÛpolis,EUGENOPOLIS,-21.09722,-42.19228,187
312500,ATIVO,Ewbank da C‚mara,EWBANK DA CAMARA,-21.54164,-43.50759,894
312530,ATIVO,Faria Lemos,FARIA LEMOS,-20.80174,-42.01385,325
312540,ATIVO,Fel√≠cio dos Santos,FELICIO DOS SANTOS,-18.07756,-43.24517,728
312550,ATIVO,S√£o Gon√ßalo do Rio Preto,SAO GONCALO DO RIO PRETO,-18.00639,-43.38454,788
312560,ATIVO,Felisburgo,FELISBURGO,-16.63833,-40.75857,643
312570,ATIVO,Felixl‚ndia,FELIXLANDIA,-18.75436,-44.89659,604
312580,ATIVO,Fernandes Tourinho,FERNANDES TOURINHO,-19.151,-42.08098,254
312590,ATIVO,Ferros,FERROS,-19.23642,-43.01971,449
312595,ATIVO,Fervedouro,FERVEDOURO,-20.73278,-42.27818,760
312600,ATIVO,Florestal,FLORESTAL,-19.89452,-44.43012,815
312610,ATIVO,Formiga,FORMIGA,-20.46488,-45.42643,836
312620,ATIVO,Formoso,FORMOSO,-14.95174,-46.23998,859
312630,ATIVO,Fortaleza de Minas,FORTALEZA DE MINAS,-20.84849,-46.71264,839
312640,ATIVO,Fortuna de Minas,FORTUNA DE MINAS,-19.5639,-44.4434,741
312650,ATIVO,Francisco Badar√≥,FRANCISCO BADARO,-16.99069,-42.34977,381
312660,ATIVO,Francisco Dumont,FRANCISCO DUMONT,-17.31995,-44.23421,670
312670,ATIVO,Francisco S√°,FRANCISCO SA,-16.47568,-43.48874,653
312675,ATIVO,FranciscÛpolis,FRANCISCOPOLIS,-17.95904,-42.00731,348
312680,ATIVO,Frei Gaspar,FREI GASPAR,-18.07119,-41.42942,457
312695,ATIVO,Frei Lagonegro,FREI LAGONEGRO,-18.16508,-42.7653,665
312707,ATIVO,Fruta de Leite,FRUTA DE LEITE,-16.11642,-42.53222,903
312720,ATIVO,Funil√¢ndia,FUNILANDIA,-19.36999,-44.06309,689
312730,ATIVO,GalilÈia,GALILEIA,-19.00547,-41.5362,133
312733,ATIVO,Gameleiras,GAMELEIRAS,-15.07682,-43.11948,532
312735,ATIVO,Glaucil‚ndia,GLAUCILANDIA,-16.85022,-43.69641,653
312738,ATIVO,Goian√°,GOIANA,-21.53242,-43.19148,408
312740,ATIVO,Gon√ßalves,GONCALVES,-22.65762,-45.85659,1263
312750,ATIVO,Gonzaga,GONZAGA,-18.82483,-42.47722,791
312770,ATIVO,Governador Valadares,GOVERNADOR VALADARES,-18.85288,-41.94708,173
312780,ATIVO,Gr„o Mogol,GRAO MOGOL,-16.5665,-42.88801,774
312790,ATIVO,Grupiara,GRUPIARA,-18.49302,-47.7248,671
312800,ATIVO,Guanh√£es,GUANHAES,-18.77715,-42.93705,782
312810,ATIVO,Guap√©,GUAPE,-20.75672,-45.91838,826
312820,ATIVO,Guaraciaba,GUARACIABA,-20.5717,-43.01128,587
312825,ATIVO,Guaraciama,GUARACIAMA,-17.01153,-43.66878,784
312830,ATIVO,GuaranÈsia,GUARANESIA,-21.30556,-46.79549,797
312840,ATIVO,Guarani,GUARANI,-21.36267,-43.04646,417
312850,ATIVO,Guarar√°,GUARARA,-21.73272,-43.03895,563
312860,ATIVO,Guarda-Mor,GUARDA-MOR,-17.7713,-47.10108,610
312870,ATIVO,Guaxup√©,GUAXUPE,-21.30378,-46.71354,847
312880,ATIVO,Guidoval,GUIDOVAL,-21.14424,-42.80082,341
312890,ATIVO,Guimar√¢nia,GUIMARANIA,-18.83802,-46.79727,900
312900,ATIVO,Guiricema,GUIRICEMA,-21.01067,-42.71881,331
312920,ATIVO,Heliodora,HELIODORA,-22.06474,-45.54458,850
312930,ATIVO,Iapu,IAPU,-19.44027,-42.21469,436
312940,ATIVO,Ibertioga,IBERTIOGA,-21.42947,-43.96812,1021
312950,ATIVO,Ibi√°,IBIA,-19.47511,-46.53861,887
312960,ATIVO,Ibia√≠,IBIAI,-16.85987,-44.91411,484
312965,ATIVO,Ibiracatu,IBIRACATU,-15.66547,-44.16771,778
312980,ATIVO,IbiritÈ,IBIRITE,-20.02804,-44.05666,894
312990,ATIVO,Ibiti√∫ra de Minas,IBITIURA DE MINAS,-22.05706,-46.4376,899
313000,ATIVO,Ibituruna,IBITURUNA,-21.14649,-44.73846,866
313005,ATIVO,Icara√≠ de Minas,ICARAI DE MINAS,-16.21401,-44.90278,578
313010,ATIVO,IgarapÈ,IGARAPE,-20.06991,-44.30116,809
313020,ATIVO,Igaratinga,IGARATINGA,-19.95389,-44.7005,786
313030,ATIVO,Iguatama,IGUATAMA,-20.17607,-45.70914,686
313040,ATIVO,Ijaci,IJACI,-21.17207,-44.92878,832
313050,ATIVO,IlicÌnea,ILICINEA,-20.94039,-45.82846,868
313060,ATIVO,Inconfidentes,INCONFIDENTES,-22.32149,-46.3338,868
313070,ATIVO,Indian√≥polis,INDIANOPOLIS,-19.04249,-47.91799,809
313090,ATIVO,Inhapim,INHAPIM,-19.55011,-42.12193,480
313100,ATIVO,Inha√∫ma,INHAUMA,-19.49237,-44.39095,760
313115,ATIVO,Ipaba,IPABA,-19.41325,-42.41817,233
313120,ATIVO,Ipanema,IPANEMA,-19.80034,-41.71735,243
313140,ATIVO,Ipia√ßu,IPIACU,-18.69488,-49.94577,442
313150,ATIVO,Ipui√∫na,IPUIUNA,-22.09952,-46.19083,1150
313160,ATIVO,Ira√≠ de Minas,IRAI DE MINAS,-18.98186,-47.46299,959
313170,ATIVO,Itabira,ITABIRA,-19.63817,-43.22395,783
313180,ATIVO,Itabirinha,ITABIRINHA,-18.5568,-41.23318,342
313200,ATIVO,Itacambira,ITACAMBIRA,-17.06444,-43.3104,1073
313210,ATIVO,Itacarambi,ITACARAMBI,-15.10264,-44.09319,459
313220,ATIVO,Itaguara,ITAGUARA,-20.39068,-44.48678,835
313230,ATIVO,Itaip√©,ITAIPE,-17.40423,-41.67323,670
313240,ATIVO,Itajub√°,ITAJUBA,-22.4306,-45.46458,847
313250,ATIVO,Itamarandiba,ITAMARANDIBA,-17.85852,-42.84916,950
313270,ATIVO,Itambacuri,ITAMBACURI,-18.03433,-41.68227,303
313280,ATIVO,ItambÈ do Mato Dentro,ITAMBE DO MATO DENTRO,-19.42096,-43.3229,699
313290,ATIVO,Itamogi,ITAMOGI,-21.07844,-47.04747,1010
313310,ATIVO,Itanhandu,ITANHANDU,-22.29508,-44.93592,898
313320,ATIVO,Itanhomi,ITANHOMI,-19.17169,-41.86493,253
313350,ATIVO,Itapecerica,ITAPECERICA,-20.47289,-45.12468,834
313360,ATIVO,Itapeva,ITAPEVA,-22.76974,-46.21956,957
313370,ATIVO,Itatiaiu√ßu,ITATIAIUCU,-20.19864,-44.42916,887
313375,ATIVO,Ita√∫ de Minas,ITAU DE MINAS,-20.73819,-46.75295,715
313390,ATIVO,Itaverava,ITAVERAVA,-20.67473,-43.60432,740
313400,ATIVO,Itinga,ITINGA,-16.60143,-41.77818,279
313410,ATIVO,Itueta,ITUETA,-19.3924,-41.22563,147
313430,ATIVO,Itumirim,ITUMIRIM,-21.3138,-44.87579,903
313440,ATIVO,Iturama,ITURAMA,-19.73195,-50.20197,439
313450,ATIVO,Itutinga,ITUTINGA,-21.29606,-44.65884,953
313460,ATIVO,Jaboticatubas,JABOTICATUBAS,-19.52229,-43.74733,739
313480,ATIVO,Jacu√≠,JACUI,-21.0176,-46.74201,1004
313500,ATIVO,JaguaraÁu,JAGUARACU,-19.64707,-42.753,456
313507,ATIVO,Jampruca,JAMPRUCA,-18.4616,-41.81017,231
313530,ATIVO,JaparaÌba,JAPARAIBA,-20.14162,-45.50412,712
313550,ATIVO,Jequeri,JEQUERI,-20.4463,-42.68226,419
313560,ATIVO,Jequita√≠,JEQUITAI,-17.21637,-44.44169,561
313570,ATIVO,Jequitib√°,JEQUITIBA,-19.23767,-44.02808,616
313580,ATIVO,Jequitinhonha,JEQUITINHONHA,-16.441770000000002,-41.00712,221
313590,ATIVO,Jesu‚nia,JESUANIA,-21.99843,-45.29088,907
313600,ATIVO,Joa√≠ma,JOAIMA,-16.65473,-41.02305,294
313610,ATIVO,Joan√©sia,JOANESIA,-19.1687,-42.6747,419
313630,ATIVO,Jo„o Pinheiro,JOAO PINHEIRO,-17.74185,-46.17546,769
313640,ATIVO,Joaquim Fel√≠cio,JOAQUIM FELICIO,-17.75529,-44.1736,686
313650,ATIVO,Jord‚nia,JORDANIA,-15.90107,-40.18001,182
313652,ATIVO,Jos√© Gon√ßalves de Minas,JOSE GONCALVES DE MINAS,-16.90718,-42.607170000000004,524
313660,ATIVO,Nova Uni√£o,NOVA UNIAO,-19.6881,-43.57999,893
313670,ATIVO,Juiz de Fora,JUIZ DE FORA,-21.76092,-43.34882,695
313680,ATIVO,Juramento,JURAMENTO,-16.85127,-43.59019,683
313690,ATIVO,Juruaia,JURUAIA,-21.24936,-46.5806,873
313695,ATIVO,JuvenÌlia,JUVENILIA,-14.26359,-44.15959,451
313700,ATIVO,Ladainha,LADAINHA,-17.62448,-41.74045,497
313720,ATIVO,Lagoa da Prata,LAGOA DA PRATA,-20.02377,-45.54169,656
313730,ATIVO,Lagoa dos Patos,LAGOA DOS PATOS,-16.97845,-44.57833,709
313740,ATIVO,Lagoa Dourada,LAGOA DOURADA,-20.9186,-44.07112,1057
313750,ATIVO,Lagoa Formosa,LAGOA FORMOSA,-18.77557,-46.40653,875
313753,ATIVO,Lagoa Grande,LAGOA GRANDE,-17.83805,-46.51791,577
313770,ATIVO,Lajinha,LAJINHA,-20.16417,-41.64529,562
313780,ATIVO,Lambari,LAMBARI,-21.97432,-45.35248,906
313790,ATIVO,Lamim,LAMIM,-20.79206,-43.47447,769
313800,ATIVO,Laranjal,LARANJAL,-21.36363,-42.48067,178
313820,ATIVO,Lavras,LAVRAS,-21.24287,-44.99993,914
313830,ATIVO,Leandro Ferreira,LEANDRO FERREIRA,-19.71922,-45.02628,705
313835,ATIVO,Leme do Prado,LEME DO PRADO,-17.08387,-42.69568,626
313840,ATIVO,Leopoldina,LEOPOLDINA,-21.53073,-42.64184,226
313850,ATIVO,Liberdade,LIBERDADE,-22.02436,-44.31514,1131
313860,ATIVO,Lima Duarte,LIMA DUARTE,-21.8411,-43.79638,726
313865,ATIVO,Lontra,LONTRA,-15.90206,-44.30611,773
313867,ATIVO,Luisburgo,LUISBURGO,-20.43838,-42.10647,825
313868,ATIVO,Luisl‚ndia,LUISLANDIA,-16.11531,-44.58605,754
313870,ATIVO,Lumin√°rias,LUMINARIAS,-21.51232,-44.90611,946
313880,ATIVO,Luz,LUZ,-19.79625,-45.68388,664
313890,ATIVO,Machacalis,MACHACALIS,-17.07737,-40.72042,319
313900,ATIVO,Machado,MACHADO,-21.67835,-45.92176,847
313920,ATIVO,Malacacheta,MALACACHETA,-17.84162,-42.07608,712
313925,ATIVO,Mamonas,MAMONAS,-15.05165,-42.95596,641
313930,ATIVO,Manga,MANGA,-14.75592,-43.93676,448
313940,ATIVO,ManhuaÁu,MANHUACU,-20.25868,-42.03385,637
313950,ATIVO,Manhumirim,MANHUMIRIM,-20.364,-41.96268,640
313960,ATIVO,Mantena,MANTENA,-18.7807,-40.97853,255
313970,ATIVO,Maravilhas,MARAVILHAS,-19.51468,-44.67608,785
313980,ATIVO,Mar de Espanha,MAR DE ESPANHA,-21.86689,-43.00841,512
314000,ATIVO,Mariana,MARIANA,-20.37449,-43.41614,705
314010,ATIVO,Marilac,MARILAC,-18.50497,-42.08169,237
314030,ATIVO,MarliÈria,MARLIERIA,-19.70646,-42.73738,566
314040,ATIVO,Marmel√≥polis,MARMELOPOLIS,-22.44652,-45.16005,1263
314050,ATIVO,Martinho Campos,MARTINHO CAMPOS,-19.32974,-45.23865,664
314053,ATIVO,Martins Soares,MARTINS SOARES,-20.25823,-41.87579,710
314055,ATIVO,Mata Verde,MATA VERDE,-15.68767,-40.73853,863
314060,ATIVO,Materl√¢ndia,MATERLANDIA,-18.47277,-43.05738,773
314070,ATIVO,Mateus Leme,MATEUS LEME,-19.99087,-44.42899,823
314080,ATIVO,Matias Barbosa,MATIAS BARBOSA,-21.86948,-43.31916,482
314085,ATIVO,Matias Cardoso,MATIAS CARDOSO,-14.85028,-43.91783,454
314090,ATIVO,MatipÛ,MATIPO,-20.28715,-42.34149,639
314100,ATIVO,Mato Verde,MATO VERDE,-15.39732,-42.86651,543
314110,ATIVO,Matozinhos,MATOZINHOS,-19.56191,-44.08397,766
314130,ATIVO,Medeiros,MEDEIROS,-19.99331,-46.22669,918
314140,ATIVO,Medina,MEDINA,-16.2248,-41.47631,581
314150,ATIVO,Mendes Pimentel,MENDES PIMENTEL,-18.66178,-41.40562,322
314170,ATIVO,Mesquita,MESQUITA,-19.22435,-42.60566,361
314180,ATIVO,Minas Novas,MINAS NOVAS,-17.21546,-42.59676,496
314190,ATIVO,Minduri,MINDURI,-21.67754,-44.60929,956
314200,ATIVO,Mirabela,MIRABELA,-16.25845,-44.16064,807
314220,ATIVO,Mira√≠,MIRAI,-21.19398,-42.61604,350
314225,ATIVO,Mirav√¢nia,MIRAVANIA,-14.74784,-44.41208,648
314230,ATIVO,Moeda,MOEDA,-20.33027,-44.04757,818
314240,ATIVO,Moema,MOEMA,-19.8387,-45.42531,664
314250,ATIVO,Monjolos,MONJOLOS,-18.32369,-44.11932,549
314260,ATIVO,Monsenhor Paulo,MONSENHOR PAULO,-21.76177,-45.54507,857
314280,ATIVO,Monte Alegre de Minas,MONTE ALEGRE DE MINAS,-18.86917,-48.87712,745
314290,ATIVO,Monte Azul,MONTE AZUL,-15.15534,-42.87317,590
314300,ATIVO,Monte Belo,MONTE BELO,-21.32715,-46.36825,908
314310,ATIVO,Monte Carmelo,MONTE CARMELO,-18.72904,-47.49597,879
314315,ATIVO,Monte Formoso,MONTE FORMOSO,-16.86649,-41.25458,650
314320,ATIVO,Monte Santo de Minas,MONTE SANTO DE MINAS,-21.19047,-46.97712,881
314330,ATIVO,Montes Claros,MONTES CLAROS,-16.72271,-43.86542,643
314340,ATIVO,Monte Si√£o,MONTE SIAO,-22.43355,-46.5737,850
314345,ATIVO,Montezuma,MONTEZUMA,-15.17114,-42.50747,950
314350,ATIVO,Morada Nova de Minas,MORADA NOVA DE MINAS,-18.60744,-45.3555,596
314360,ATIVO,Morro da Gar√ßa,MORRO DA GARCA,-18.54722,-44.60353,608
314370,ATIVO,Morro do Pilar,MORRO DO PILAR,-19.21834,-43.3748,583
314380,ATIVO,Munhoz,MUNHOZ,-22.61278,-46.36037,1230
314390,ATIVO,MuriaÈ,MURIAE,-21.13205,-42.36107,202
314400,ATIVO,Mutum,MUTUM,-19.80719,-41.43914,252
314410,ATIVO,Muzambinho,MUZAMBINHO,-21.37301,-46.5268,1009
314420,ATIVO,Nacip Raydan,NACIP RAYDAN,-18.45792,-42.25179,321
314430,ATIVO,Nanuque,NANUQUE,-17.83899,-40.35174,103
314435,ATIVO,Naque,NAQUE,-19.22354,-42.33471,257
314437,ATIVO,Natal√¢ndia,NATALANDIA,-16.50384,-46.49753,580
314440,ATIVO,Nat√©rcia,NATERCIA,-22.11847,-45.51823,907
314450,ATIVO,Nazareno,NAZARENO,-21.2177,-44.61723,921
314460,ATIVO,Nepomuceno,NEPOMUCENO,-21.23458,-45.23743,857
314470,ATIVO,Nova Era,NOVA ERA,-19.76442,-43.03546,532
314490,ATIVO,Nova MÛdica,NOVA MODICA,-18.44161,-41.50134,342
314500,ATIVO,Nova Ponte,NOVA PONTE,-19.16889,-47.67057,945
314520,ATIVO,Nova Serrana,NOVA SERRANA,-19.87587,-44.98558,738
314530,ATIVO,Novo Cruzeiro,NOVO CRUZEIRO,-17.47489,-41.87539,785
314535,ATIVO,Novo Oriente de Minas,NOVO ORIENTE DE MINAS,-17.40917,-41.2221,269
314537,ATIVO,Novorizonte,NOVORIZONTE,-16.01954,-42.41678,891
314540,ATIVO,Olaria,OLARIA,-21.86477,-43.93093,910
314550,ATIVO,Ol√≠mpio Noronha,OLIMPIO NORONHA,-22.06696,-45.26414,885
314570,ATIVO,Oliveira Fortes,OLIVEIRA FORTES,-21.33949,-43.46254,862
314580,ATIVO,On√ßa de Pitangui,ONCA DE PITANGUI,-19.74552,-44.80838,723
314585,ATIVO,Orat√≥rios,ORATORIOS,-20.431,-42.80634,489
314587,ATIVO,Oriz‚nia,ORIZANIA,-20.50412,-42.20295,809
314590,ATIVO,Ouro Branco,OURO BRANCO,-20.52358,-43.69477,1042
314600,ATIVO,Ouro Fino,OURO FINO,-22.28352,-46.38008,866
314610,ATIVO,Ouro Preto,OURO PRETO,-20.38678,-43.50645,1087
314620,ATIVO,Ouro Verde de Minas,OURO VERDE DE MINAS,-18.06934,-41.26871,398
314625,ATIVO,Padre Carvalho,PADRE CARVALHO,-16.3651,-42.52074,767
314630,ATIVO,Padre Para√≠so,PADRE PARAISO,-17.07632,-41.48496,663
314640,ATIVO,Paineiras,PAINEIRAS,-18.90222,-45.53876,615
314650,ATIVO,Pains,PAINS,-20.37092,-45.66081,710
314655,ATIVO,Pai Pedro,PAI PEDRO,-15.53707,-43.07056,510
314660,ATIVO,Paiva,PAIVA,-21.28785,-43.41883,582
314670,ATIVO,Palma,PALMA,-21.37256,-42.31583,167
314675,ATIVO,Palm√≥polis,PALMOPOLIS,-16.73447,-40.4204,585
314690,ATIVO,Papagaios,PAPAGAIOS,-19.45554,-44.7447,734
314700,ATIVO,Paracatu,PARACATU,-17.21974,-46.87542,704
314710,ATIVO,Par√° de Minas,PARA DE MINAS,-19.86474,-44.60538,804
314720,ATIVO,ParaguaÁu,PARAGUACU,-21.54732,-45.7327,841
314730,ATIVO,ParaisÛpolis,PARAISOPOLIS,-22.55519,-45.7817,929
314740,ATIVO,Paraopeba,PARAOPEBA,-19.28143,-44.40312,749
314750,ATIVO,Passab√©m,PASSABEM,-19.35098,-43.14381,647
314760,ATIVO,Passa Quatro,PASSA QUATRO,-22.3898,-44.96964,985
314770,ATIVO,Passa Tempo,PASSA TEMPO,-20.65239,-44.49342,988
314780,ATIVO,Passa-Vinte,PASSA-VINTE,-22.20898,-44.23105,714
314790,ATIVO,Passos,PASSOS,-20.71921,-46.61141,745
314795,ATIVO,Patis,PATIS,-16.07928,-44.08271,767
314810,ATIVO,Patroc√≠nio,PATROCINIO,-18.94081,-46.99744,951
314820,ATIVO,PatrocÌnio do MuriaÈ,PATROCINIO DO MURIAE,-21.15171,-42.21265,181
314830,ATIVO,Paula C√¢ndido,PAULA CANDIDO,-20.87016,-42.98316,727
314850,ATIVO,Pav„o,PAVAO,-17.43269,-41.00011,221
314860,ATIVO,Pe√ßanha,PECANHA,-18.54689,-42.56319,760
314875,ATIVO,Pedra Bonita,PEDRA BONITA,-20.52002,-42.33213,900
314880,ATIVO,Pedra do Anta,PEDRA DO ANTA,-20.59601,-42.71593,639
314900,ATIVO,Pedra Dourada,PEDRA DOURADA,-20.82995,-42.15454,638
314915,ATIVO,Pedras de Maria da Cruz,PEDRAS DE MARIA DA CRUZ,-15.59901,-44.39244,463
314920,ATIVO,Pedrin√≥polis,PEDRINOPOLIS,-19.22772,-47.46062,918
314930,ATIVO,Pedro Leopoldo,PEDRO LEOPOLDO,-19.6184,-44.04588,714
314940,ATIVO,Pedro Teixeira,PEDRO TEIXEIRA,-21.70681,-43.74546,819
314950,ATIVO,Pequeri,PEQUERI,-21.8369,-43.12629,651
314960,ATIVO,Pequi,PEQUI,-19.62799,-44.65344,770
314970,ATIVO,Perdig„o,PERDIGAO,-19.95512,-45.07936,818
314980,ATIVO,Perdizes,PERDIZES,-19.33866,-47.29201,1084
314990,ATIVO,Perd√µes,PERDOES,-21.09452,-45.09309,818
314995,ATIVO,Periquito,PERIQUITO,-19.15448,-42.23472,206
315000,ATIVO,Pescador,PESCADOR,-18.35363,-41.60162,332
315010,ATIVO,Piau,PIAU,-21.50462,-43.32913,473
315015,ATIVO,Piedade de Caratinga,PIEDADE DE CARATINGA,-19.75921,-42.07426,852
315020,ATIVO,Piedade de Ponte Nova,PIEDADE DE PONTE NOVA,-20.24766,-42.73524,454
315030,ATIVO,Piedade do Rio Grande,PIEDADE DO RIO GRANDE,-21.46973,-44.2025,1031
315040,ATIVO,Piedade dos Gerais,PIEDADE DOS GERAIS,-20.46101,-44.22792,1006
315053,ATIVO,Pingo-d'√Ågua,PINGO-D'AGUA,-19.72861,-42.40867,272
315057,ATIVO,PintÛpolis,PINTOPOLIS,-16.05499,-45.14951,502
315060,ATIVO,Piracema,PIRACEMA,-20.509,-44.47847,855
315070,ATIVO,Pirajuba,PIRAJUBA,-19.9085,-48.69664,543
315080,ATIVO,Piranga,PIRANGA,-20.68514,-43.287350000000004,732
315090,ATIVO,PiranguÁu,PIRANGUCU,-22.52649,-45.49327,886
315100,ATIVO,Piranguinho,PIRANGUINHO,-22.41187,-45.53474,904
315110,ATIVO,Pirapetinga,PIRAPETINGA,-21.65597,-42.34843,166
315120,ATIVO,Pirapora,PIRAPORA,-17.34958,-44.95107,492
315130,ATIVO,Pira√∫ba,PIRAUBA,-21.27655,-43.01813,362
315140,ATIVO,Pitangui,PITANGUI,-19.6806,-44.89012,716
315150,ATIVO,Piumhi,PIUMHI,-21.72072,-44.98701,1243
315160,ATIVO,Planura,PLANURA,-20.13866,-48.69992,480
315180,ATIVO,PoÁos de Caldas,POCOS DE CALDAS,-21.78736,-46.56641,1199
315190,ATIVO,Pocrane,POCRANE,-19.62014,-41.629,238
315200,ATIVO,PompÈu,POMPEU,-19.22096,-45.00187,670
315210,ATIVO,Ponte Nova,PONTE NOVA,-20.41664,-42.90968,423
315213,ATIVO,Ponto Chique,PONTO CHIQUE,-16.63304,-45.06313,480
315240,ATIVO,PotÈ,POTE,-17.80137,-41.78839,487
315250,ATIVO,Pouso Alegre,POUSO ALEGRE,-22.2303,-45.93714,840
315260,ATIVO,Pouso Alto,POUSO ALTO,-22.19094,-44.97534,898
315270,ATIVO,Prados,PRADOS,-21.05601,-44.07328,1045
315280,ATIVO,Prata,PRATA,-19.30821,-48.92385,637
315290,ATIVO,Prat·polis,PRATAPOLIS,-20.74418,-46.86092,714
315300,ATIVO,Pratinha,PRATINHA,-19.75695,-46.37845,1147
315310,ATIVO,Presidente Bernardes,PRESIDENTE BERNARDES,-20.76568,-43.19006,637
315330,ATIVO,Presidente Kubitschek,PRESIDENTE KUBITSCHEK,-18.61549,-43.55745,1151
315340,ATIVO,Presidente Oleg√°rio,PRESIDENTE OLEGARIO,-18.41474,-46.41779,948
315370,ATIVO,Quartel Geral,QUARTEL GERAL,-19.26769,-45.55886,710
315390,ATIVO,Raposos,RAPOSOS,-19.9656,-43.80477,726
315400,ATIVO,Raul Soares,RAUL SOARES,-20.10196,-42.45417,302
315410,ATIVO,Recreio,RECREIO,-21.53378,-42.47139,191
315415,ATIVO,Reduto,REDUTO,-20.24268,-41.9852,654
315420,ATIVO,Resende Costa,RESENDE COSTA,-20.91737,-44.2394,1046
315430,ATIVO,Resplendor,RESPLENDOR,-19.32548,-41.25397,92
315440,ATIVO,Ressaquinha,RESSAQUINHA,-21.0553,-43.75871,1181
315445,ATIVO,Riachinho,RIACHINHO,-16.21683,-46.00275,546
315460,ATIVO,Ribeir√£o das Neves,RIBEIRAO DAS NEVES,-19.76602,-44.08582,816
315470,ATIVO,Ribeir„o Vermelho,RIBEIRAO VERMELHO,-21.19041,-45.06478,783
315480,ATIVO,Rio Acima,RIO ACIMA,-20.09513,-43.79085,743
315490,ATIVO,Rio Casca,RIO CASCA,-20.22651,-42.65223,357
315500,ATIVO,Rio Doce,RIO DOCE,-20.24465,-42.89568,385
315520,ATIVO,Rio Espera,RIO ESPERA,-20.85808,-43.46533,768
315530,ATIVO,Rio Manso,RIO MANSO,-20.26168,-44.31021,844
315540,ATIVO,Rio Novo,RIO NOVO,-21.48325,-43.12867,424
315550,ATIVO,Rio Parana√≠ba,RIO PARANAIBA,-19.19124,-46.24275,1077
315560,ATIVO,Rio Pardo de Minas,RIO PARDO DE MINAS,-15.61308,-42.54123,796
315580,ATIVO,Rio Pomba,RIO POMBA,-21.27219,-43.17781,441
315590,ATIVO,Rio Preto,RIO PRETO,-22.08692,-43.82947,463
315600,ATIVO,Rio Vermelho,RIO VERMELHO,-18.30111,-43.02244,721
315610,ATIVO,Rit√°polis,RITAPOLIS,-21.02325,-44.323480000000004,1012
315620,ATIVO,Rochedo de Minas,ROCHEDO DE MINAS,-21.63146,-43.02207,337
315630,ATIVO,Rodeiro,RODEIRO,-21.20071,-42.86868,336
315640,ATIVO,Romaria,ROMARIA,-18.88348,-47.58175,944
315645,ATIVO,Ros·rio da Limeira,ROSARIO DA LIMEIRA,-20.9813,-42.50606,745
315650,ATIVO,Rubelita,RUBELITA,-16.40297,-42.26476,439
315660,ATIVO,Rubim,RUBIM,-16.37297,-40.53694,236
315670,ATIVO,Sabar√°,SABARA,-19.89249,-43.82556,694
315680,ATIVO,Sabin√≥polis,SABINOPOLIS,-18.67181,-43.0882,735
315690,ATIVO,Sacramento,SACRAMENTO,-19.86358,-47.43656,864
315700,ATIVO,Salinas,SALINAS,-16.16986,-42.29351,476
315710,ATIVO,Salto da Divisa,SALTO DA DIVISA,-15.99757,-39.95076,128
315720,ATIVO,Santa B·rbara,SANTA BARBARA,-19.96559,-43.40522,758
315725,ATIVO,Santa B·rbara do Leste,SANTA BARBARA DO LESTE,-19.97579,-42.14084,785
315733,ATIVO,Santa Cruz de Minas,SANTA CRUZ DE MINAS,-21.11947,-44.22326,909
315740,ATIVO,Santa Cruz do Escalvado,SANTA CRUZ DO ESCALVADO,-20.23828,-42.81845,436
315750,ATIVO,Santa EfigÍnia de Minas,SANTA EFIGENIA DE MINAS,-18.81984,-42.43931,697
315765,ATIVO,Santa Helena de Minas,SANTA HELENA DE MINAS,-16.93631,-40.68629,296
315780,ATIVO,Santa Luzia,SANTA LUZIA,-19.76762,-43.85001,746
315790,ATIVO,Santa Margarida,SANTA MARGARIDA,-20.37793,-42.25254,806
315800,ATIVO,Santa Maria de Itabira,SANTA MARIA DE ITABIRA,-19.45901,-43.11015,527
315810,ATIVO,Santa Maria do Salto,SANTA MARIA DO SALTO,-16.24757,-40.14693,218
315820,ATIVO,Santa Maria do SuaÁuÌ,SANTA MARIA DO SUACUI,-18.19225,-42.4178,486
315830,ATIVO,Santana da Vargem,SANTANA DA VARGEM,-21.24896,-45.50712,824
315840,ATIVO,Santana de Cataguases,SANTANA DE CATAGUASES,-21.28403,-42.5546,269
315850,ATIVO,Santana de Pirapama,SANTANA DE PIRAPAMA,-19.00689,-44.0381,595
315870,ATIVO,Santana do Garamb√©u,SANTANA DO GARAMBEU,-21.60183,-44.11087,1045
315880,ATIVO,Santana do JacarÈ,SANTANA DO JACARE,-20.90168,-45.12805,816
315890,ATIVO,Santana do Manhua√ßu,SANTANA DO MANHUACU,-20.10855,-41.9235,504
315895,ATIVO,Santana do Para√≠so,SANTANA DO PARAISO,-19.3691,-42.55258,268
315900,ATIVO,Santana do Riacho,SANTANA DO RIACHO,-19.17009,-43.71146,767
315910,ATIVO,Santana dos Montes,SANTANA DOS MONTES,-20.78973,-43.706,766
315920,ATIVO,Santa Rita de Caldas,SANTA RITA DE CALDAS,-22.02644,-46.33863,1123
315930,ATIVO,Santa Rita de Jacutinga,SANTA RITA DE JACUTINGA,-22.14846,-44.10044,551
315935,ATIVO,Santa Rita de Minas,SANTA RITA DE MINAS,-19.87521,-42.13178,646
315940,ATIVO,Santa Rita de Ibitipoca,SANTA RITA DE IBITIPOCA,-21.56123,-43.91676,1090
315950,ATIVO,Santa Rita do Itueto,SANTA RITA DO ITUETO,-19.35981,-41.37928,305
315960,ATIVO,Santa Rita do SapucaÌ,SANTA RITA DO SAPUCAI,-22.25333,-45.70399,827
315970,ATIVO,Santa Rosa da Serra,SANTA ROSA DA SERRA,-19.53262,-45.97066,1006
315990,ATIVO,Santo AntÙnio do Amparo,SANTO ANTONIO DO AMPARO,-20.94625,-44.91867,1008
316000,ATIVO,Santo Ant√¥nio do Aventureiro,SANTO ANTONIO DO AVENTUREIRO,-21.75583,-42.81164,651
316030,ATIVO,Santo Ant√¥nio do Jacinto,SANTO ANTONIO DO JACINTO,-16.53768,-40.17534,401
316040,ATIVO,Santo Ant√¥nio do Monte,SANTO ANTONIO DO MONTE,-20.08722,-45.29394,943
316045,ATIVO,Santo Ant√¥nio do Retiro,SANTO ANTONIO DO RETIRO,-15.34263,-42.62438,840
316050,ATIVO,Santo AntÙnio do Rio Abaixo,SANTO ANTONIO DO RIO ABAIXO,-19.22568,-43.25306,509
316060,ATIVO,Santo Hip√≥lito,SANTO HIPOLITO,-18.28781,-44.2217,531
316070,ATIVO,Santos Dumont,SANTOS DUMONT,-21.45753,-43.55375,863
316090,ATIVO,S√£o Br√°s do Sua√ßu√≠,SAO BRAS DO SUACUI,-20.6265,-43.95267,955
316095,ATIVO,S„o Domingos das Dores,SAO DOMINGOS DAS DORES,-19.52945,-42.00951,746
316100,ATIVO,S√£o Domingos do Prata,SAO DOMINGOS DO PRATA,-19.87103,-42.96036,581
316105,ATIVO,S√£o F√©lix de Minas,SAO FELIX DE MINAS,-18.58611,-41.49035,535
316120,ATIVO,S√£o Francisco de Paula,SAO FRANCISCO DE PAULA,-20.71353,-44.98263,927
316140,ATIVO,S√£o Francisco do Gl√≥ria,SAO FRANCISCO DO GLORIA,-20.7923,-42.26822,721
316150,ATIVO,S√£o Geraldo,SAO GERALDO,-20.92085,-42.83766,399
316160,ATIVO,S√£o Geraldo da Piedade,SAO GERALDO DA PIEDADE,-18.84403,-42.28914,291
316165,ATIVO,S„o Geraldo do Baixio,SAO GERALDO DO BAIXIO,-18.91881,-41.36363,205
316170,ATIVO,S√£o Gon√ßalo do Abaet√©,SAO GONCALO DO ABAETE,-18.34111,-45.83425,777
316180,ATIVO,S„o GonÁalo do Par·,SAO GONCALO DO PARA,-19.98568,-44.85719,756
316190,ATIVO,S„o GonÁalo do Rio Abaixo,SAO GONCALO DO RIO ABAIXO,-19.8318,-43.34804,710
316200,ATIVO,S„o GonÁalo do SapucaÌ,SAO GONCALO DO SAPUCAI,-21.89191,-45.59464,861
316210,ATIVO,S√£o Gotardo,SAO GOTARDO,-19.3127,-46.05314,1060
316220,ATIVO,S„o Jo„o Batista do GlÛria,SAO JOAO BATISTA DO GLORIA,-20.63904,-46.50346,693
316225,ATIVO,S„o Jo„o da Lagoa,SAO JOAO DA LAGOA,-16.85206,-44.34909,823
316230,ATIVO,S√£o Jo√£o da Mata,SAO JOAO DA MATA,-21.93485,-45.92653,896
316240,ATIVO,S„o Jo„o da Ponte,SAO JOAO DA PONTE,-15.92451,-44.00896,719
316245,ATIVO,S√£o Jo√£o das Miss√µes,SAO JOAO DAS MISSOES,-14.88253,-44.08126,481
316257,ATIVO,S√£o Jo√£o do Manteninha,SAO JOAO DO MANTENINHA,-18.72784,-41.15875,267
316260,ATIVO,S√£o Jo√£o do Oriente,SAO JOAO DO ORIENTE,-19.33767,-42.15646,219
316270,ATIVO,S„o Jo„o do ParaÌso,SAO JOAO DO PARAISO,-15.31844,-42.01142,778
316280,ATIVO,S„o Jo„o Evangelista,SAO JOAO EVANGELISTA,-18.54519,-42.77605,737
316292,ATIVO,S√£o Joaquim de Bicas,SAO JOAQUIM DE BICAS,-20.06347,-44.26627,769
316294,ATIVO,S√£o Jos√© da Barra,SAO JOSE DA BARRA,-20.72209,-46.31933,706
316295,ATIVO,S√£o Jos√© da Lapa,SAO JOSE DA LAPA,-19.69863,-43.95996,731
316300,ATIVO,S„o JosÈ da Safira,SAO JOSE DA SAFIRA,-18.32512,-42.14641,271
316310,ATIVO,S√£o Jos√© da Varginha,SAO JOSE DA VARGINHA,-19.70481,-44.56106,748
316320,ATIVO,S„o JosÈ do Alegre,SAO JOSE DO ALEGRE,-22.32906,-45.53019,840
316340,ATIVO,S„o JosÈ do Goiabal,SAO JOSE DO GOIABAL,-19.92798,-42.70986,318
316350,ATIVO,S„o JosÈ do Jacuri,SAO JOSE DO JACURI,-18.27581,-42.66663,607
316360,ATIVO,S√£o Jos√© do Mantimento,SAO JOSE DO MANTIMENTO,-20.006,-41.74907,391
316370,ATIVO,S√£o Louren√ßo,SAO LOURENCO,-22.11777,-45.05337,889
316390,ATIVO,S„o Pedro da Uni„o,SAO PEDRO DA UNIAO,-21.13346,-46.62133,1002
316400,ATIVO,S„o Pedro dos Ferros,SAO PEDRO DOS FERROS,-20.17191,-42.5239,368
316410,ATIVO,S√£o Pedro do Sua√ßu√≠,SAO PEDRO DO SUACUI,-18.36551,-42.60023,519
316420,ATIVO,S√£o Rom√£o,SAO ROMAO,-16.36864,-45.06914,488
316430,ATIVO,S„o Roque de Minas,SAO ROQUE DE MINAS,-20.25067,-46.36899,838
316443,ATIVO,S√£o Sebasti√£o da Vargem Alegre,SAO SEBASTIAO DA VARGEM ALEGRE,-21.07383,-42.63867,778
316447,ATIVO,S√£o Sebasti√£o do Anta,SAO SEBASTIAO DO ANTA,-19.50011,-41.9796,765
316450,ATIVO,S„o Sebasti„o do Maranh„o,SAO SEBASTIAO DO MARANHAO,-18.09137,-42.56575,522
316460,ATIVO,S√£o Sebasti√£o do Oeste,SAO SEBASTIAO DO OESTE,-20.2741,-45.00313,784
316470,ATIVO,S√£o Sebasti√£o do Para√≠so,SAO SEBASTIAO DO PARAISO,-20.91807,-46.98647,981
316490,ATIVO,S√£o Sebasti√£o do Rio Verde,SAO SEBASTIAO DO RIO VERDE,-22.21506,-44.97774,887
316500,ATIVO,S√£o Tiago,SAO TIAGO,-20.90095,-44.50399,1079
316510,ATIVO,S„o Tom·s de Aquino,SAO TOMAS DE AQUINO,-20.78499,-47.09678,972
316530,ATIVO,S„o Vicente de Minas,SAO VICENTE DE MINAS,-21.69747,-44.45468,999
316553,ATIVO,Sarzedo,SARZEDO,-20.03453,-44.14587,788
316555,ATIVO,Setubinha,SETUBINHA,-17.59702,-42.16644,783
316556,ATIVO,Sem-Peixe,SEM-PEIXE,-20.10254,-42.8419,393
316560,ATIVO,Senador Cortes,SENADOR CORTES,-21.80252,-42.94433,569
316570,ATIVO,Senador Firmino,SENADOR FIRMINO,-20.91806,-43.10413,771
316580,ATIVO,Senador Jos√© Bento,SENADOR JOSE BENTO,-22.16661,-46.17947,866
316600,ATIVO,Senhora de Oliveira,SENHORA DE OLIVEIRA,-20.7939,-43.33773,727
316610,ATIVO,Senhora do Porto,SENHORA DO PORTO,-18.89801,-43.08176,605
316630,ATIVO,Sericita,SERICITA,-20.47156,-42.48201,701
316640,ATIVO,Seritinga,SERITINGA,-21.91135,-44.52145,979
316650,ATIVO,Serra Azul de Minas,SERRA AZUL DE MINAS,-18.36228,-43.17446,723
316660,ATIVO,Serra da Saudade,SERRA DA SAUDADE,-19.44056,-45.79659,728
316680,ATIVO,Serra do Salitre,SERRA DO SALITRE,-19.1118,-46.69211,1189
316690,ATIVO,Serrania,SERRANIA,-21.54668,-46.04314,870
316700,ATIVO,Serranos,SERRANOS,-21.88878,-44.50675,958
316710,ATIVO,Serro,SERRO,-18.60444,-43.38863,804
316720,ATIVO,Sete Lagoas,SETE LAGOAS,-19.45829,-44.23959,782
316730,ATIVO,Silveir‚nia,SILVEIRANIA,-21.16464,-43.21788,501
316740,ATIVO,SilvianÛpolis,SILVIANOPOLIS,-22.028,-45.83245,863
316750,ATIVO,Sim„o Pereira,SIMAO PEREIRA,-21.96486,-43.31496,479
316760,ATIVO,Simon√©sia,SIMONESIA,-20.12203,-42.00386,579
316770,ATIVO,Sobr·lia,SOBRALIA,-19.23555,-42.09865,275
316780,ATIVO,Soledade de Minas,SOLEDADE DE MINAS,-22.05921,-45.04102,922
316790,ATIVO,Tabuleiro,TABULEIRO,-21.35758,-43.24561,519
316800,ATIVO,Taiobeiras,TAIOBEIRAS,-15.81152,-42.22792,822
316805,ATIVO,Taparuba,TAPARUBA,-19.76147,-41.61586,215
316810,ATIVO,Tapira,TAPIRA,-19.92558,-46.82192,1087
316820,ATIVO,Tapira√≠,TAPIRAI,-19.88581,-46.01857,664
316830,ATIVO,TaquaraÁu de Minas,TAQUARACU DE MINAS,-19.67385,-43.68714,731
316840,ATIVO,Tarumirim,TARUMIRIM,-19.28149,-42.00773,299
316860,ATIVO,TeÛfilo Otoni,TEOFILO OTONI,-17.86254,-41.50964,353
316870,ATIVO,TimÛteo,TIMOTEO,-19.58405,-42.64394,341
316880,ATIVO,Tiradentes,TIRADENTES,-21.10704,-44.17269,916
316890,ATIVO,Tiros,TIROS,-19.00392,-45.96355,1028
316900,ATIVO,Tocantins,TOCANTINS,-21.17555,-43.0187,361
316905,ATIVO,Tocos do Moji,TOCOS DO MOJI,-22.37165,-46.09645,1034
316910,ATIVO,Toledo,TOLEDO,-22.74339,-46.37897,1101
316920,ATIVO,Tombos,TOMBOS,-20.90259,-42.01468,281
316930,ATIVO,Tr√™s Cora√ß√µes,TRES CORACOES,-21.69597,-45.25494,879
316940,ATIVO,Tr√™s Pontas,TRES PONTAS,-21.36877,-45.51547,898
316950,ATIVO,Tumiritinga,TUMIRITINGA,-18.97661,-41.63798,136
316960,ATIVO,Tupaciguara,TUPACIGUARA,-18.59935,-48.69374,900
316970,ATIVO,Turmalina,TURMALINA,-17.28641,-42.73041,713
316990,ATIVO,Ub√°,UBA,-21.1186,-42.93679,340
317000,ATIVO,Uba√≠,UBAI,-16.2974,-44.78709,632
317005,ATIVO,Ubaporanga,UBAPORANGA,-19.64136,-42.10922,509
317020,ATIVO,Uberl√¢ndia,UBERLANDIA,-18.919,-48.27795,867
317040,ATIVO,Una√≠,UNAI,-16.35901,-46.89996,592
317047,ATIVO,Uruana de Minas,URUANA DE MINAS,-16.06003,-46.25623,553
317050,ATIVO,Uruc√¢nia,URUCANIA,-20.35087,-42.74123,441
317052,ATIVO,Urucuia,URUCUIA,-16.13209,-45.73703,485
317057,ATIVO,Vargem Alegre,VARGEM ALEGRE,-19.60072,-42.29982,279
317060,ATIVO,Vargem Bonita,VARGEM BONITA,-20.32678,-46.37246,763
317065,ATIVO,Vargem Grande do Rio Pardo,VARGEM GRANDE DO RIO PARDO,-15.4024,-42.30929,848
317080,ATIVO,V√°rzea da Palma,VARZEA DA PALMA,-17.59757,-44.73035,520
317090,ATIVO,Varzel√¢ndia,VARZELANDIA,-15.70887,-44.02795,745
317103,ATIVO,Verdel√¢ndia,VERDELANDIA,-15.59454,-43.60602,482
317110,ATIVO,VerÌssimo,VERISSIMO,-19.66936,-48.30371,680
317115,ATIVO,Vermelho Novo,VERMELHO NOVO,-20.03477,-42.26835,581
317120,ATIVO,Vespasiano,VESPASIANO,-19.69303,-43.91992,679
317140,ATIVO,Vieiras,VIEIRAS,-20.86534,-42.2458,708
317160,ATIVO,Virgem da Lapa,VIRGEM DA LAPA,-16.80215,-42.34328,418
317170,ATIVO,Virg√≠nia,VIRGINIA,-22.33697,-45.09543,938
317180,ATIVO,VirginÛpolis,VIRGINOPOLIS,-18.82514,-42.7148,730
317190,ATIVO,Virgol√¢ndia,VIRGOLANDIA,-18.47606,-42.31081,407
317200,ATIVO,Visconde do Rio Branco,VISCONDE DO RIO BRANCO,-21.01199,-42.83939,339
317210,ATIVO,Volta Grande,VOLTA GRANDE,-21.77071,-42.54128,220
317220,ATIVO,Wenceslau Braz,WENCESLAU BRAZ,-22.52901,-45.35677,998
